{"schemaVersion":"1.0","appDefinitionTemplate":{"id":"/providers/Microsoft.PowerApps/apps/","type":"Microsoft.PowerApps/apps","tags":{"primaryDeviceWidth":"1366","primaryDeviceHeight":"768","supportsPortrait":"true","supportsLandscape":"true","primaryFormFactor":"Tablet","showStatusBar":"false","publisherVersion":"3.24074.14","minimumRequiredApiVersion":"2.2.0","hasComponent":"false","hasUnlockedComponent":"false","isUnifiedRootApp":"false","sienaVersion":"20240813T173842Z-3.24074.14.0"},"properties":{"appVersion":"2024-08-13T17:38:42Z","lifeCycleId":"Published","createdByClientVersion":{"major":3,"minor":24074,"build":14,"revision":0,"majorRevision":0,"minorRevision":0},"minClientVersion":{"major":3,"minor":24074,"build":14,"revision":0,"majorRevision":0,"minorRevision":0},"backgroundColor":"RGBA(0,176,240,1)","backgroundImageUri":"/18035873792789362148/N6ce74b04-da57-4526-b773-5e4a743165a6-logoSmallFile","displayName":"Corrugated Supplies Company App","description":"","commitMessage":"","appUris":{"documentUri":{"value":"/18035873792789362148/N7c790bd6-fd18-4c9a-9099-f72bc3e44e74-document.msapp"},"imageUris":[],"additionalUris":[{"isSolutionAware":false,"value":"/18035873792789362148/N0a252c16-f11f-4f32-9e9f-414bb3e1e66b-identity.json"}]},"createdTime":"0001-01-01T00:00:00Z","lastModifiedTime":"0001-01-01T00:00:00Z","sharedGroupsCount":0,"sharedUsersCount":0,"connectionReferences":{"2dc2dd22-99e4-4b21-ad92-dfd75db433fc":{"id":"519757c9-1231-4abe-996d-785151ea2c86","displayName":"Excel Online (Business)","iconUri":"https://connectoricons-prod.azureedge.net/u/jayawan/releases/v1.0.1694/1.0.1694.3753/excelonlinebusiness/icon.png","dataSources":["Table1","Table3"],"dependencies":[],"dependents":["9226d27e-c738-4e5c-a468-7cf3c7435e5e"],"parameterHints":{},"parameterHintsV2":{},"isOnPremiseConnection":false,"bypassConsent":false,"dataSets":{"me,b%2521f_-MOSsOf0iDpUYmsQtjfhEBlepoVyVBh_RZQELS2EGdEAKQ2nOyT78XqrPsJB3F,01A3XWHOFLLF77N6SDQJFZ63GIDNY6LCLC":{"dataSources":{"Table1":{"tableName":"{6C06F7BC-5802-4B56-96F2-53DAE5F4EDE4}"},"Table3":{"tableName":"{E400C166-A266-4AA5-ABF3-77E7A0F3BA6D}"}}}},"apiTier":"Standard","isCustomApiConnection":false,"actions":["providers/PowerPlatform.Governance/Operations/Read","providers/PowerPlatform.Governance/Operations/Write","providers/PowerPlatform.Governance/Operations/Delete"]},"5b88a3af-0548-448d-a301-5b6259e54a0d":{"id":"db230fe6-61cb-478b-9d68-6d280b19b4c4","displayName":"Logic flows","iconUri":"https://connectoricons-prod.azureedge.net/releases/v1.0.1697/1.0.1697.3784/logicflows/icon.png","dataSources":["ManualDefectAlertFlow-2"],"dependencies":["d8532026-fe56-4316-9a0a-e0db1f77842b","f63c5a4d-3acb-440f-9deb-9d95cdba7904"],"dependents":[],"parameterHints":{"workflowName":{"value":"dd29eaf2-d45f-419a-97ab-ed9472a20eeb"},"workflowEntityId":{},"workflowDisplayName":{"value":"Manual Defect Alert Flow - 2"},"d8532026-fe56-4316-9a0a-e0db1f77842b":{"value":"shared_office365_2"},"f63c5a4d-3acb-440f-9deb-9d95cdba7904":{"value":"shared_teams_2"}},"parameterHintsV2":{"workflowName":{"value":"dd29eaf2-d45f-419a-97ab-ed9472a20eeb"},"workflowEntityId":{},"workflowDisplayName":{"value":"Manual Defect Alert Flow - 2"},"shared_office365_2":{"value":"d8532026-fe56-4316-9a0a-e0db1f77842b"},"shared_teams_2":{"value":"f63c5a4d-3acb-440f-9deb-9d95cdba7904"}},"isOnPremiseConnection":false,"bypassConsent":false,"dataSets":{},"apiTier":"Standard","isCustomApiConnection":false,"actions":["Run"],"nestedActions":[{"id":"/providers/Microsoft.PowerApps/apis/shared_office365/apiOperations/SendEmailV2","apiName":"Office 365 Outlook","actionName":"SendEmailV2","referencedResources":[]},{"id":"/providers/Microsoft.PowerApps/apis/shared_teams/apiOperations/PostMessageToConversation","apiName":"Microsoft Teams","actionName":"PostMessageToConversation","referencedResources":[{"key":"groupId","value":"1e29ec95-99f0-439f-8a84-f213c9c687ed"},{"key":"channelId","value":"19:vi-rKRzxNdxtoa_Yseq7wZvfuXr2oMxxytPfWgkCDM01@thread.tacv2"}]}]},"d8532026-fe56-4316-9a0a-e0db1f77842b":{"id":"0ac9525b-9e14-440a-900a-96c159ee4426","displayName":"Office 365 Outlook","iconUri":"https://connectoricons-prod.azureedge.net/releases/v1.0.1686/1.0.1686.3706/office365/icon.png","dataSources":[],"dependencies":[],"dependents":["5b88a3af-0548-448d-a301-5b6259e54a0d"],"parameterHints":{},"parameterHintsV2":{},"isOnPremiseConnection":false,"bypassConsent":false,"dataSets":{},"apiTier":"Standard","isCustomApiConnection":false},"f63c5a4d-3acb-440f-9deb-9d95cdba7904":{"id":"3abb7749-60f8-4b8c-a745-28b939a9d725","displayName":"Microsoft Teams","iconUri":"https://connectoricons-prod.azureedge.net/releases/v1.0.1690/1.0.1690.3719/teams/icon.png","dataSources":[],"dependencies":[],"dependents":["5b88a3af-0548-448d-a301-5b6259e54a0d"],"parameterHints":{},"parameterHintsV2":{},"isOnPremiseConnection":false,"bypassConsent":false,"dataSets":{},"apiTier":"Standard","isCustomApiConnection":false},"c08d182d-9921-42d6-97fb-67674f56e84a":{"id":"ad01d876-28d6-4438-b7a9-20b3807e3c29","displayName":"Azure Blob Storage","runtimePolicyName":"9e4d8963-e40c-4659-90e1-5fff1a9adb33","executionRestrictions":{"version":1,"modifiedOn":"2024-08-13 17:38:32","appVer":"3.24074.14","apiId":"/providers/microsoft.powerapps/apis/shared_azureblob","apiVer":null,"policy":"{\"type\":\"action\",\"dataSources\":{\"actions\":[\"getfilecontentbypath\",\"listfolderv2\",\"getfilecontent\"]}}"},"iconUri":"https://connectoricons-prod.azureedge.net/u/patelronak/getmetadataforfolderfix/1.0.1704.3829/azureblob/icon.png","dataSources":["AzureBlobStorage"],"dependencies":[],"dependents":["9226d27e-c738-4e5c-a468-7cf3c7435e5e"],"parameterHints":{},"parameterHintsV2":{},"isOnPremiseConnection":false,"sharedConnectionId":"297d94ac-6ff2-47d2-9afc-1c81dabf02d7","bypassConsent":false,"dataSets":{},"apiTier":"Premium","isCustomApiConnection":false,"authenticationType":"keyBasedAuth","actions":["GetFileContentByPath","ListFolderV2","GetFileContent"],"endpoints":["corrugatedsuppliesadls"]},"9226d27e-c738-4e5c-a468-7cf3c7435e5e":{"id":"db230fe6-61cb-478b-9d68-6d280b19b4c4","displayName":"Logic flows","iconUri":"https://connectoricons-prod.azureedge.net/releases/v1.0.1697/1.0.1697.3784/logicflows/icon.png","dataSources":["DataLakeUploadandExcelUpdate"],"dependencies":["c08d182d-9921-42d6-97fb-67674f56e84a","2dc2dd22-99e4-4b21-ad92-dfd75db433fc"],"dependents":[],"parameterHints":{"workflowName":{"value":"ef0c75db-825e-42f9-b727-e69a45acf3f6"},"workflowEntityId":{},"workflowDisplayName":{"value":"Data Lake Upload and Excel Update"},"c08d182d-9921-42d6-97fb-67674f56e84a":{"value":"shared_azureblob"},"2dc2dd22-99e4-4b21-ad92-dfd75db433fc":{"value":"shared_excelonlinebusiness"}},"parameterHintsV2":{"workflowName":{"value":"ef0c75db-825e-42f9-b727-e69a45acf3f6"},"workflowEntityId":{},"workflowDisplayName":{"value":"Data Lake Upload and Excel Update"},"shared_azureblob":{"value":"c08d182d-9921-42d6-97fb-67674f56e84a"},"shared_excelonlinebusiness":{"value":"2dc2dd22-99e4-4b21-ad92-dfd75db433fc"}},"isOnPremiseConnection":false,"bypassConsent":false,"dataSets":{},"apiTier":"Standard","isCustomApiConnection":false,"actions":["Run"],"nestedActions":[{"id":"/providers/Microsoft.PowerApps/apis/shared_azureblob/apiOperations/CreateFile_V2","apiName":"Azure Blob Storage","actionName":"CreateFile_V2","referencedResources":[]},{"id":"/providers/Microsoft.PowerApps/apis/shared_excelonlinebusiness/apiOperations/PatchItem","apiName":"Excel Online (Business)","actionName":"PatchItem","referencedResources":[{"key":"fileId","value":"b!f_-MOSsOf0iDpUYmsQtjfhEBlepoVyVBh_RZQELS2EGdEAKQ2nOyT78XqrPsJB3F/01A3XWHOFLLF77N6SDQJFZ63GIDNY6LCLC"},{"key":"table","value":"{6C06F7BC-5802-4B56-96F2-53DAE5F4EDE4}"}]}]}},"databaseReferences":{},"almMode":"Environment","performanceOptimizationEnabled":true,"canConsumeAppPass":true,"enableModernRuntimeMode":false,"executionRestrictions":{"isTeamsOnly":false,"dataLossPreventionEvaluationResult":{"status":"Compliant","lastEvaluationDate":"2024-08-20T00:58:33.664301Z","violations":[],"violationsByPolicy":[],"violationErrorMessage":"The app uses the following connectors: shared_excelonlinebusiness, shared_logicflows, shared_office365, shared_teams, shared_azureblob."},"httpActionRestriction":{"appUsesSharepointHttpAction":false,"enforcementStrategy":"Legacy","evaluationTime":"2024-08-20T00:58:33.6641426Z"}}},"appType":"ClassicCanvasApp","appComponents":[]}}