{"name":"8125a4b2-fa80-46ec-a2b1-9cf14e2ef6fe","id":"/providers/Microsoft.Flow/flows/8125a4b2-fa80-46ec-a2b1-9cf14e2ef6fe","type":"Microsoft.Flow/flows","properties":{"apiId":"/providers/Microsoft.PowerApps/apis/shared_logicflows","displayName":"Data Lake Upload and Excel Update","definition":{"metadata":{"workflowEntityId":null,"processAdvisorMetadata":null,"flowChargedByPaygo":null,"flowclientsuspensionreason":"None","flowclientsuspensiontime":null,"flowclientsuspensionreasondetails":null,"creator":{"id":"bf58655e-357f-416f-8476-4b9a6b80d545","type":"User","tenantId":"e7516e6e-7fd7-43c4-8349-2b3b1a673ec9"},"provisioningMethod":"FromDefinition","failureAlertSubscription":true,"clientLastModifiedTime":"2024-08-13T09:44:03.654395Z","connectionKeySavedTimeKey":"2024-08-13T09:44:03.654395Z"},"$schema":"https://schema.management.azure.com/providers/Microsoft.Logic/schemas/2016-06-01/workflowdefinition.json#","contentVersion":"1.0.0.0","parameters":{"$connections":{"defaultValue":{},"type":"Object"},"$authentication":{"defaultValue":{},"type":"SecureObject"}},"triggers":{"manual":{"metadata":{"operationMetadataId":"2cfb4eee-626a-474b-bf3a-f134ccf8aefa"},"type":"Request","kind":"PowerAppV2","inputs":{"schema":{"type":"object","properties":{"text":{"title":"ID","type":"string","x-ms-dynamically-added":true,"description":"Please enter your input","x-ms-content-hint":"TEXT"},"text_1":{"title":"File Content","type":"string","x-ms-dynamically-added":true,"description":"Please enter your input","x-ms-content-hint":"TEXT"},"text_2":{"title":"Damage Content","type":"string","x-ms-dynamically-added":true,"description":"Please enter your input","x-ms-content-hint":"TEXT"}},"required":["text","text_1","text_2"]}}}},"actions":{"Create_blob_(V2)_Tag_Image":{"runAfter":{},"metadata":{"operationMetadataId":"5bab5af3-1289-4cfb-83cc-45a52b5db003"},"type":"OpenApiConnection","inputs":{"host":{"apiId":"/providers/Microsoft.PowerApps/apis/shared_azureblob","connectionName":"shared_azureblob","operationId":"CreateFile_V2"},"parameters":{"dataset":"AccountNameFromSettings","folderPath":"/watchdog/raw/labels/wip/","name":"@{triggerBody()['text']}-Tag.jpg","body":"@base64ToBinary(triggerBody()['text_1'])"},"authentication":{"value":"@json(decodeBase64(triggerOutputs().headers['X-MS-APIM-Tokens']))['$ConnectionKey']","type":"Raw"}},"runtimeConfiguration":{"contentTransfer":{"transferMode":"Chunked"}}},"Compose":{"runAfter":{"Create_blob_(V2)_Tag_Image":["Succeeded"]},"metadata":{"operationMetadataId":"a7e59272-3075-45be-9bb1-5cab69a3e099"},"type":"Compose","inputs":"https://corrugatedsuppliesadls.blob.core.windows.net/\n"},"Create_blob_(V2)_2_-_Damage_Image":{"runAfter":{},"metadata":{"operationMetadataId":"eb34547d-2f53-4f10-b055-2e54c7e3c320"},"type":"OpenApiConnection","inputs":{"host":{"apiId":"/providers/Microsoft.PowerApps/apis/shared_azureblob","connectionName":"shared_azureblob","operationId":"CreateFile_V2"},"parameters":{"dataset":"AccountNameFromSettings","folderPath":"/watchdog/raw/labels/wip/","name":"@{triggerBody()['text']}-Damage.jpg","body":"@base64ToBinary(triggerBody()['text_2'])"},"authentication":{"value":"@json(decodeBase64(triggerOutputs().headers['X-MS-APIM-Tokens']))['$ConnectionKey']","type":"Raw"}},"runtimeConfiguration":{"contentTransfer":{"transferMode":"Chunked"}}},"Update_a_row":{"runAfter":{"Create_blob_(V2)_2_-_Damage_Image":["Succeeded"],"Compose":["Succeeded"]},"metadata":{"01A3XWHOFLLF77N6SDQJFZ63GIDNY6LCLC":"/corrugated Raw Data.xlsx","operationMetadataId":"a16a9765-26b6-452f-840a-8fe7cda491c6","tableId":"{6C06F7BC-5802-4B56-96F2-53DAE5F4EDE4}"},"type":"OpenApiConnection","inputs":{"host":{"apiId":"/providers/Microsoft.PowerApps/apis/shared_excelonlinebusiness","connectionName":"shared_excelonlinebusiness","operationId":"PatchItem"},"parameters":{"source":"me","drive":"b!f_-MOSsOf0iDpUYmsQtjfhEBlepoVyVBh_RZQELS2EGdEAKQ2nOyT78XqrPsJB3F","file":"01A3XWHOFLLF77N6SDQJFZ63GIDNY6LCLC","table":"{6C06F7BC-5802-4B56-96F2-53DAE5F4EDE4}","idColumn":"ID","id":"@triggerBody()['text']","item/TagImage":"@outputs('Create_blob_(V2)_Tag_Image')?['body/Path']","item/DamageImage":"@outputs('Create_blob_(V2)_2_-_Damage_Image')?['body/Path']"},"authentication":{"value":"@json(decodeBase64(triggerOutputs().headers['X-MS-APIM-Tokens']))['$ConnectionKey']","type":"Raw"}}}}},"connectionReferences":{"shared_azureblob":{"connectionName":"81c2246de31b4bdb9a46fa1d0b9670ef","source":"Invoker","id":"/providers/Microsoft.PowerApps/apis/shared_azureblob","tier":"NotSpecified"},"shared_excelonlinebusiness":{"connectionName":"e97d42346ace4c17bcaca040ef710c82","source":"Invoker","id":"/providers/Microsoft.PowerApps/apis/shared_excelonlinebusiness","tier":"NotSpecified"}},"flowFailureAlertSubscribed":false,"isManaged":false}}